index,Coef.,Std.Err.,z,P>|z|,[0.025,0.975],ch_name,Condition,Significant,P_fdr,SIG
ch_name[S10_D18 hbo]:Condition[A],3.6021223611053095e-09,4.64252443788731e-08,0.07758973397552088,0.9381544088631224,-8.738968459495657e-08,9.45939293171672e-08,S10_D18 hbo,A,False,0.996946650613581,False
ch_name[S10_D20 hbo]:Condition[A],2.172009729853554e-08,4.6425244378873105e-08,0.4678510062602876,0.6398911419912425,-6.927170965752636e-08,1.1271190425459744e-07,S10_D20 hbo,A,False,0.996946650613581,False
ch_name[S10_D22 hbo]:Condition[A],6.161484538926555e-08,4.6425244378873085e-08,1.327184083005169,0.18444779632972985,-2.937696156679631e-08,1.526066523453274e-07,S10_D22 hbo,A,False,0.7801929775786275,False
ch_name[S10_D30 hbo]:Condition[A],4.31296828344315e-09,2.756325164712548e-07,0.015647530772708893,0.9875155862420174,-5.359168369683595e-07,5.445427735352459e-07,S10_D30 hbo,A,False,0.996946650613581,False
ch_name[S11_D19 hbo]:Condition[A],-1.1982585006690363e-07,4.6425244378873085e-08,-2.5810494197728606,0.009850048001129798,-2.108176570229655e-07,-2.8834043110841768e-08,S11_D19 hbo,A,True,0.17261036497217933,False
ch_name[S11_D21 hbo]:Condition[A],-5.28820680589083e-08,4.6425244378873105e-08,-1.1390800149018392,0.25466978225596115,-1.438738750149702e-07,3.81097388971536e-08,S11_D21 hbo,A,False,0.8737080811946656,False
ch_name[S11_D23 hbo]:Condition[A],-5.776960466323519e-08,4.642524437887309e-08,-1.2443575782128702,0.21336798854673134,-1.4876141161929707e-07,3.3222202292826684e-08,S11_D23 hbo,A,False,0.8353129764382673,False
ch_name[S12_D20 hbo]:Condition[A],8.317942560430063e-08,4.64252443788731e-08,1.7916852504960294,0.07318339850778878,-7.812381351761252e-09,1.7417123256036253e-07,S12_D20 hbo,A,False,0.552074959276136,False
ch_name[S12_D21 hbo]:Condition[A],-1.0039021090176853e-08,4.6425244378873105e-08,-0.2162405653322817,0.8288002349052275,-1.0103082804623875e-07,8.095278586588505e-08,S12_D21 hbo,A,False,0.996946650613581,False
ch_name[S12_D22 hbo]:Condition[A],-2.9618317590602077e-09,4.6425244378873105e-08,-0.06379787115149918,0.949131173382616,-9.39536387151221e-08,8.80299751970017e-08,S12_D22 hbo,A,False,0.996946650613581,False
ch_name[S12_D24 hbo]:Condition[A],-1.1711784785712916e-07,4.642524437887309e-08,-2.5227190384037357,0.011645140122025449,-2.0810965481319103e-07,-2.6126040901067288e-08,S12_D24 hbo,A,True,0.18221365117621102,False
ch_name[S13_D21 hbo]:Condition[A],-3.461294297912165e-08,4.642524437887309e-08,-0.7455629677820951,0.4559314603037887,-1.2560474993518352e-07,5.6378863976940224e-08,S13_D21 hbo,A,False,0.9860680485636177,False
ch_name[S13_D23 hbo]:Condition[A],-6.344625895295266e-08,4.642524437887308e-08,-1.366632740479992,0.171740449553344,-1.544380659090145e-07,2.7545548003109182e-08,S13_D23 hbo,A,False,0.7425087842247899,False
ch_name[S13_D24 hbo]:Condition[A],-1.9921997261147243e-08,4.642524437887309e-08,-0.4291199223113453,0.6678359547081347,-1.1091380421720912e-07,7.106980969491463e-08,S13_D24 hbo,A,False,0.996946650613581,False
ch_name[S13_D25 hbo]:Condition[A],-5.690538288959336e-08,4.642524437887309e-08,-1.2257422368139326,0.22029569045061126,-1.4789718984565524e-07,3.4086424066468516e-08,S13_D25 hbo,A,False,0.8533559377455258,False
ch_name[S13_D31 hbo]:Condition[A],1.2175907469263702e-08,2.756325164712548e-07,0.044174423341425705,0.9647653693630374,-5.28053897782539e-07,5.524057127210664e-07,S13_D31 hbo,A,False,0.996946650613581,False
ch_name[S14_D22 hbo]:Condition[A],-5.921645587678911e-08,4.642524437887309e-08,-1.2755227607102693,0.20212427327910854,-1.5020826283285098e-07,3.177535107927276e-08,S14_D22 hbo,A,False,0.8144472547652009,False
ch_name[S14_D24 hbo]:Condition[A],-2.3369208267424073e-08,4.642524437887309e-08,-0.5033728649161142,0.614702145832236,-1.1436101522348594e-07,6.76225986886378e-08,S14_D24 hbo,A,False,0.996946650613581,False
ch_name[S14_D26 hbo]:Condition[A],-4.219185937668546e-08,4.64252443788731e-08,-0.9088128655255041,0.363448914256182,-1.3318366633274735e-07,4.8799947579376425e-08,S14_D26 hbo,A,False,0.9061159012640561,False
ch_name[S15_D11 hbo]:Condition[A],-2.3275942899403986e-08,4.642524437887309e-08,-0.5013639284146936,0.6161150213428457,-1.1426774985546587e-07,6.771586405665788e-08,S15_D11 hbo,A,False,0.996946650613581,False
ch_name[S15_D14 hbo]:Condition[A],5.131933719505032e-08,4.64252443788731e-08,1.1054187841476264,0.26897816811465014,-3.9672469761011563e-08,1.4231114415111222e-07,S15_D14 hbo,A,False,0.8737080811946656,False
ch_name[S15_D25 hbo]:Condition[A],-6.097822650007748e-08,4.642524437887309e-08,-1.3134713088947587,0.18902418264986665,-1.5197003345613936e-07,3.001358045598439e-08,S15_D25 hbo,A,False,0.7904647638085333,False
ch_name[S16_D14 hbo]:Condition[A],-4.667736103447036e-08,4.642524437887308e-08,-1.005430594043615,0.3146895543210011,-1.376691679905322e-07,4.431444592159149e-08,S16_D14 hbo,A,False,0.9038125892860274,False
ch_name[S16_D25 hbo]:Condition[A],-3.5562054861971685e-08,4.6425244378873085e-08,-0.766006842565056,0.4436722307696649,-1.2655386181803354e-07,5.5429752094090174e-08,S16_D25 hbo,A,False,0.9860680485636177,False
ch_name[S16_D26 hbo]:Condition[A],1.0606129203554837e-07,4.6425244378873105e-08,2.2845607697827015,0.022338595457473975,1.506948507948647e-08,1.9705309899161027e-07,S16_D26 hbo,A,True,0.27490911136273893,False
ch_name[S16_D27 hbo]:Condition[A],7.332740658298235e-09,4.6425244378873085e-08,0.15794727106778944,0.8744983486155298,-8.365906629776363e-08,9.832454761436009e-08,S16_D27 hbo,A,False,0.996946650613581,False
ch_name[S16_D32 hbo]:Condition[A],-7.27088302283107e-08,2.756325164712549e-07,-0.26378901574877633,0.7919424990427801,-6.129386354801137e-07,4.6752097502349223e-07,S16_D32 hbo,A,False,0.996946650613581,False
ch_name[S17_D13 hbo]:Condition[A],2.5453891355518677e-07,4.642524437887309e-08,5.482769492345866,4.187184490762354e-08,1.635471065991249e-07,3.455307205112486e-07,S17_D13 hbo,A,True,1.5408838926005462e-05,True
ch_name[S17_D14 hbo]:Condition[A],-6.318367269597413e-08,4.6425244378873085e-08,-1.3609766311693852,0.17352107457427157,-1.54175479652036e-07,2.780813426008773e-08,S17_D14 hbo,A,False,0.7425087842247899,False
ch_name[S17_D27 hbo]:Condition[A],4.989278233896506e-09,4.642524437887309e-08,0.10746907852933124,0.9144168549826828,-8.600252872216536e-08,9.598108518995838e-08,S17_D27 hbo,A,False,0.996946650613581,False
ch_name[S18_D26 hbo]:Condition[A],-1.1678665228685462e-07,4.642524437887309e-08,-2.5155850841358447,0.011883498989752892,-2.077784592429165e-07,-2.579484533079275e-08,S18_D26 hbo,A,True,0.18221365117621102,False
ch_name[S18_D27 hbo]:Condition[A],-2.0018803873815254e-08,4.642524437887309e-08,-0.4312051372404899,0.6663192188983016,-1.1101061082987713e-07,7.097300308224662e-08,S18_D27 hbo,A,False,0.996946650613581,False
ch_name[S19_D33 hbo]:Condition[A],1.4184508937892333e-08,2.756325164712549e-07,0.051461667583663356,0.9589576461938858,-5.260452963139106e-07,5.544143141896952e-07,S19_D33 hbo,A,False,0.996946650613581,False
ch_name[S19_D4 hbo]:Condition[A],1.5198733395521466e-08,4.6425244378873105e-08,0.327380794627287,0.7433798905191427,-7.579307356054043e-08,1.0619054035158337e-07,S19_D4 hbo,A,False,0.996946650613581,False
ch_name[S19_D6 hbo]:Condition[A],6.810141686463676e-08,4.6425244378873085e-08,1.4669048655698178,0.14240193675551588,-2.2890390091425097e-08,1.590932238206986e-07,S19_D6 hbo,A,False,0.6777204801276586,False
ch_name[S19_D8 hbo]:Condition[A],1.2579140025689354e-07,4.642524437887309e-08,2.7095474012009273,0.0067375077084764505,3.4799593300831666e-08,2.167832072129554e-07,S19_D8 hbo,A,True,0.12840618930333414,False
ch_name[S1_D2 hbo]:Condition[A],-3.9605896571663917e-08,4.642524437887309e-08,-0.8531112135553457,0.3935976335006294,-1.305977035277258e-07,5.1385910384397956e-08,S1_D2 hbo,A,False,0.9466923472433438,False
ch_name[S1_D4 hbo]:Condition[A],-1.3498161990303074e-08,4.642524437887309e-08,-0.2907504779112317,0.7712421626568209,-1.0448996894636495e-07,7.74936449657588e-08,S1_D4 hbo,A,False,0.996946650613581,False
ch_name[S20_D3 hbo]:Condition[A],-5.350864143335295e-08,4.642524437887309e-08,-1.1525764085735932,0.24908429098509566,-1.445004483894148e-07,3.7483165522708924e-08,S20_D3 hbo,A,False,0.8737080811946656,False
ch_name[S20_D5 hbo]:Condition[A],-4.947229033343513e-08,4.642524437887309e-08,-1.0656333853559352,0.28658940130273414,-1.40464097289497e-07,4.1519516622626743e-08,S20_D5 hbo,A,False,0.8737080811946656,False
ch_name[S20_D6 hbo]:Condition[A],-7.908927102948971e-08,4.642524437887308e-08,-1.703583300155576,0.08845896355319628,-1.7008107798555157e-07,1.1902535926572138e-08,S20_D6 hbo,A,False,0.5612568721995902,False
ch_name[S20_D7 hbo]:Condition[A],-1.0715192025684087e-07,4.6425244378873105e-08,-2.3080529072153437,0.020996194002937577,-1.9814372721290276e-07,-1.616011330077897e-08,S20_D7 hbo,A,True,0.27490911136273893,False
ch_name[S21_D10 hbo]:Condition[A],-2.7125422724868517e-08,4.64252443788731e-08,-0.5842817434303605,0.5590307729641227,-1.181172296809304e-07,6.386638423119337e-08,S21_D10 hbo,A,False,0.996946650613581,False
ch_name[S21_D6 hbo]:Condition[A],-1.641919654127561e-08,4.6425244378873085e-08,-0.3536695769930628,0.7235865248971544,-1.0741100349733747e-07,7.457261041478625e-08,S21_D6 hbo,A,False,0.996946650613581,False
ch_name[S21_D7 hbo]:Condition[A],-8.911815333437904e-08,4.642524437887309e-08,-1.9196054760012071,0.05490775184359483,-1.8010996029044093e-07,1.8736536216828287e-09,S21_D7 hbo,A,False,0.4699082018242534,False
ch_name[S21_D8 hbo]:Condition[A],-1.7488186595862913e-08,4.642524437887309e-08,-0.3766956282048421,0.7063998121309168,-1.0847999355192479e-07,7.350362036019895e-08,S21_D8 hbo,A,False,0.996946650613581,False
ch_name[S22_D5 hbo]:Condition[A],-7.457400308686344e-08,4.64252443788731e-08,-1.6063244057106159,0.10820265067515168,-1.6556581004292531e-07,1.6417803869198445e-08,S22_D5 hbo,A,False,0.6168129816395813,False
ch_name[S22_D7 hbo]:Condition[A],-4.1692860352184385e-08,4.642524437887309e-08,-0.8980644240002689,0.3691512042065167,-1.3268466730824626e-07,4.929894660387749e-08,S22_D7 hbo,A,False,0.9061159012640561,False
ch_name[S22_D9 hbo]:Condition[A],-8.729480753801664e-08,4.6425244378873105e-08,-1.8803305982755838,0.06006303563122944,-1.7828661449407854e-07,3.696999418045256e-09,S22_D9 hbo,A,False,0.4944280142725124,False
ch_name[S23_D10 hbo]:Condition[A],2.1632842827693327e-08,4.64252443788731e-08,0.4659715445146448,0.6412358688225908,-6.935896412836857e-08,1.1262464978375521e-07,S23_D10 hbo,A,False,0.996946650613581,False
ch_name[S23_D12 hbo]:Condition[A],6.550047401085103e-08,4.642524437887308e-08,1.4108805432731033,0.15827984009654728,-2.5491332945210815e-08,1.564922809669129e-07,S23_D12 hbo,A,False,0.7140893515159346,False
ch_name[S23_D8 hbo]:Condition[A],5.340352031684093e-08,4.64252443788731e-08,1.1503120991893683,0.25001534925688884,-3.7588286639220955e-08,1.4439532727290283e-07,S23_D8 hbo,A,False,0.8737080811946656,False
ch_name[S24_D10 hbo]:Condition[A],-7.336108020024259e-08,4.642524437887309e-08,-1.580198040564915,0.11406152038000658,-1.6435288715630448e-07,1.7630726755819284e-08,S24_D10 hbo,A,False,0.6168129816395813,False
ch_name[S24_D11 hbo]:Condition[A],-6.015287941617801e-08,4.642524437887309e-08,-1.295693328510555,0.19508116074898796,-1.5114468637223987e-07,3.083892753988386e-08,S24_D11 hbo,A,False,0.806627720849748,False
ch_name[S24_D34 hbo]:Condition[A],1.201971614243994e-07,2.756325164712548e-07,0.4360775824391334,0.6627804413755276,-4.200326438274033e-07,6.604269666762021e-07,S24_D34 hbo,A,False,0.996946650613581,False
ch_name[S24_D7 hbo]:Condition[A],-5.1389064463145166e-08,4.642524437887308e-08,-1.106920709856963,0.2683282110646906,-1.42380871419207e-07,3.960274249291668e-08,S24_D7 hbo,A,False,0.8737080811946656,False
ch_name[S24_D9 hbo]:Condition[A],-5.318126431536399e-08,4.642524437887307e-08,-1.1455247037873517,0.2519918680829346,-1.4417307127142583e-07,3.7810542640697845e-08,S24_D9 hbo,A,False,0.8737080811946656,False
ch_name[S25_D11 hbo]:Condition[A],2.368643932458851e-08,4.642524437887309e-08,0.5102060235006018,0.6099071326605481,-6.730536763147336e-08,1.1467824628065039e-07,S25_D11 hbo,A,False,0.996946650613581,False
ch_name[S25_D12 hbo]:Condition[A],-3.4366732273408914e-09,4.6425244378873085e-08,-0.0740259587929026,0.9409897297941813,-9.442848018340275e-08,8.755513372872097e-08,S25_D12 hbo,A,False,0.996946650613581,False
ch_name[S25_D13 hbo]:Condition[A],3.986311862518157e-08,4.6425244378873085e-08,0.8586517778961273,0.39053266252410723,-5.112868833088029e-08,1.3085492558124344e-07,S25_D13 hbo,A,False,0.9466923472433438,False
ch_name[S25_D14 hbo]:Condition[A],6.762521009410455e-09,4.642524437887308e-08,0.1456647369310974,0.8841860602375538,-8.422928594665139e-08,9.77543279654723e-08,S25_D14 hbo,A,False,0.996946650613581,False
ch_name[S25_D35 hbo]:Condition[A],-4.0306924587278e-07,2.7563251647125484e-07,-1.462342872433976,0.143647275679232,-9.432990511245829e-07,1.3716055937902285e-07,S25_D35 hbo,A,False,0.6777204801276586,False
ch_name[S26_D12 hbo]:Condition[A],-3.6072290219112025e-08,4.642524437887309e-08,-0.7769973147524792,0.43716035459162694,-1.270640971751739e-07,5.491951673694985e-08,S26_D12 hbo,A,False,0.9860680485636177,False
ch_name[S26_D13 hbo]:Condition[A],2.4142889051729937e-08,4.6425244378873085e-08,0.5200379529443411,0.6030371227210853,-6.684891790433193e-08,1.1513469600779179e-07,S26_D13 hbo,A,False,0.996946650613581,False
ch_name[S2_D1 hbo]:Condition[A],-6.859437977736901e-08,4.642524437887308e-08,-1.4775232892168582,0.13953542017025547,-1.5958618673343084e-07,2.2397427178692836e-08,S2_D1 hbo,A,False,0.6777204801276586,False
ch_name[S2_D2 hbo]:Condition[A],-4.583511262646752e-08,4.6425244378873085e-08,-0.987288559052279,0.3235011977654908,-1.3682691958252937e-07,4.515669432959434e-08,S2_D2 hbo,A,False,0.9061159012640561,False
ch_name[S2_D28 hbo]:Condition[A],-4.7077766130371114e-08,2.756325164712549e-07,-0.17079902884128967,0.8643817927260038,-5.873075713821741e-07,4.931520391214318e-07,S2_D28 hbo,A,False,0.996946650613581,False
ch_name[S2_D3 hbo]:Condition[A],-7.461058237339148e-08,4.642524437887309e-08,-1.607112323728441,0.1080297303772353,-1.6560238932945334e-07,1.638122458267039e-08,S2_D3 hbo,A,False,0.6168129816395813,False
ch_name[S3_D2 hbo]:Condition[A],-1.7902919106909334e-08,4.6425244378873085e-08,-0.38562896860175677,0.6997714757753186,-1.0889472606297119e-07,7.308888784915253e-08,S3_D2 hbo,A,False,0.996946650613581,False
ch_name[S3_D3 hbo]:Condition[A],2.6615042934185362e-08,4.6425244378873085e-08,0.5732881601436906,0.5664496006681601,-6.437676402187649e-08,1.1760684989024723e-07,S3_D3 hbo,A,False,0.996946650613581,False
ch_name[S3_D4 hbo]:Condition[A],8.353619628695907e-09,4.642524437887309e-08,0.1799370092814723,0.8572020201588496,-8.263818732736597e-08,9.934542658475778e-08,S3_D4 hbo,A,False,0.996946650613581,False
ch_name[S3_D6 hbo]:Condition[A],4.177712989339908e-08,4.642524437887309e-08,0.8998795903465563,0.3681843326309927,-4.921467706266279e-08,1.3276893684946096e-07,S3_D6 hbo,A,False,0.9061159012640561,False
ch_name[S4_D1 hbo]:Condition[A],-1.0600404936945571e-07,4.64252443788731e-08,-2.2833277624639785,0.02241106886109285,-1.969958563255176e-07,-1.5012242413393828e-08,S4_D1 hbo,A,True,0.27490911136273893,False
ch_name[S4_D3 hbo]:Condition[A],-5.6371968625447e-08,4.642524437887309e-08,-1.2142524908517316,0.2246513216305065,-1.4736377558150887e-07,3.4619838330614876e-08,S4_D3 hbo,A,False,0.8611633995836082,False
ch_name[S4_D5 hbo]:Condition[A],-2.6247906244093416e-08,4.64252443788731e-08,-0.5653800339721667,0.5718153019903587,-1.172397132001553e-07,6.474390071196847e-08,S4_D5 hbo,A,False,0.996946650613581,False
ch_name[S5_D15 hbo]:Condition[A],-5.084474908167181e-08,4.642524437887309e-08,-1.0951961537721042,0.27343071037944344,-1.4183655603773368e-07,4.0147057874390064e-08,S5_D15 hbo,A,False,0.8737080811946656,False
ch_name[S5_D16 hbo]:Condition[A],-2.975065974131613e-08,4.642524437887309e-08,-0.6408293621143516,0.521633553867368,-1.20742466697378e-07,6.124114721474574e-08,S5_D16 hbo,A,False,0.996946650613581,False
ch_name[S5_D17 hbo]:Condition[A],-3.068052625736873e-08,4.642524437887309e-08,-0.6608586915986301,0.5087029394246209,-1.216723332134306e-07,6.031128069869315e-08,S5_D17 hbo,A,False,0.996946650613581,False
ch_name[S5_D29 hbo]:Condition[A],5.517019373300052e-08,2.7563251647125473e-07,0.2001585097408278,0.8413566149351589,-4.850596115188021e-07,5.953999989848031e-07,S5_D29 hbo,A,False,0.996946650613581,False
ch_name[S6_D16 hbo]:Condition[A],-1.5457772808158312e-09,4.64252443788731e-08,-0.033296050489273754,0.9734385032681944,-9.253758423687772e-08,8.944602967524605e-08,S6_D16 hbo,A,False,0.996946650613581,False
ch_name[S6_D18 hbo]:Condition[A],1.0798850933465337e-08,4.642524437887309e-08,0.2326073040205602,0.8160663550868896,-8.019295602259653e-08,1.0179065788952722e-07,S6_D18 hbo,A,False,0.996946650613581,False
ch_name[S7_D15 hbo]:Condition[A],-3.046582329963013e-08,4.64252443788731e-08,-0.6562339887971451,0.5116735829701622,-1.2145763025569202e-07,6.052598365643175e-08,S7_D15 hbo,A,False,0.996946650613581,False
ch_name[S7_D17 hbo]:Condition[A],-4.349090395170493e-08,4.642524437887309e-08,-0.936794292277253,0.34886438186790747,-1.344827109077668e-07,4.750090300435694e-08,S7_D17 hbo,A,False,0.9061159012640561,False
ch_name[S7_D19 hbo]:Condition[A],-3.442909601325425e-08,4.642524437887309e-08,-0.7416029032024228,0.4583279640369563,-1.254209029693161e-07,5.6562710942807626e-08,S7_D19 hbo,A,False,0.9860680485636177,False
ch_name[S8_D16 hbo]:Condition[A],4.183909929552213e-09,4.6425244378873085e-08,0.09012144115834103,0.9281907109672926,-8.680789702650965e-08,9.517571688561407e-08,S8_D16 hbo,A,False,0.996946650613581,False
ch_name[S8_D17 hbo]:Condition[A],4.5208519056020106e-08,4.642524437887307e-08,0.9737917303585231,0.33015995997848946,-4.578328790004173e-08,1.3620032601208195e-07,S8_D17 hbo,A,False,0.9061159012640561,False
ch_name[S8_D18 hbo]:Condition[A],1.4334812537483134e-09,4.6425244378873085e-08,0.03087719349519791,0.9753674782035784,-8.955832570231354e-08,9.242528820981017e-08,S8_D18 hbo,A,False,0.996946650613581,False
ch_name[S8_D20 hbo]:Condition[A],3.3660742493945516e-09,4.64252443788731e-08,0.07250525644893241,0.9421998224399465,-8.762573270666733e-08,9.435788120545644e-08,S8_D20 hbo,A,False,0.996946650613581,False
ch_name[S9_D17 hbo]:Condition[A],2.6217199967944947e-09,4.642524437887308e-08,0.056471862062778315,0.9549659105644683,-8.837008695926735e-08,9.361352695285634e-08,S9_D17 hbo,A,False,0.996946650613581,False
ch_name[S9_D19 hbo]:Condition[A],-8.47919063217432e-08,4.64252443788731e-08,-1.8264180933494398,0.06778730851235415,-1.7578371327780507e-07,6.199900634318685e-09,S9_D19 hbo,A,False,0.5307602028201346,False
ch_name[S9_D20 hbo]:Condition[A],-3.072783288900197e-08,4.64252443788731e-08,-0.6618776766845711,0.508049619406672,-1.2171963984506386e-07,6.026397406705992e-08,S9_D20 hbo,A,False,0.996946650613581,False
ch_name[S9_D21 hbo]:Condition[A],-3.3659574883445347e-08,4.6425244378873085e-08,-0.7250274141532131,0.4684352124945308,-1.246513818395072e-07,5.733223207261651e-08,S9_D21 hbo,A,False,0.9860680485636177,False
ch_name[S10_D18 hbo]:Condition[AV],7.408496333044428e-08,4.6425244378873085e-08,1.59579048687051,0.11053557794695021,-1.6906843625617575e-08,1.6507677028650614e-07,S10_D18 hbo,AV,False,0.6168129816395813,False
ch_name[S10_D20 hbo]:Condition[AV],6.394345163757638e-08,4.642524437887309e-08,1.377342273435083,0.16840645123618658,-2.7048355318485496e-08,1.5493525859363826e-07,S10_D20 hbo,AV,False,0.7377806435109127,False
ch_name[S10_D22 hbo]:Condition[AV],1.9219621189927064e-07,4.64252443788731e-08,4.139907381655789,3.474460716716933e-05,1.0120440494320875e-07,2.8318801885533254e-07,S10_D22 hbo,AV,True,0.0031965038593795786,True
ch_name[S10_D30 hbo]:Condition[AV],-1.9093043563624628e-08,2.756325164712549e-07,-0.06926992434731771,0.9447747651099115,-5.593228488154276e-07,5.211367616881783e-07,S10_D30 hbo,AV,False,0.996946650613581,False
ch_name[S11_D19 hbo]:Condition[AV],-1.417581956447778e-07,4.6425244378873105e-08,-3.053472255049414,0.0022620963846289965,-2.327500026008397e-07,-5.0766388688715896e-08,S11_D19 hbo,AV,True,0.06937095579528924,False
ch_name[S11_D21 hbo]:Condition[AV],-2.3310153638849194e-08,4.642524437887309e-08,-0.5021008279163099,0.6155965978498844,-1.1430196059491106e-07,6.768165331721268e-08,S11_D21 hbo,AV,False,0.996946650613581,False
ch_name[S11_D23 hbo]:Condition[AV],1.6068838956672744e-08,4.642524437887309e-08,0.3461228728390981,0.7292503745562327,-7.492296799938914e-08,1.0706064591273461e-07,S11_D23 hbo,AV,False,0.996946650613581,False
ch_name[S12_D20 hbo]:Condition[AV],2.5699450075026575e-09,4.642524437887309e-08,0.055356628530148826,0.9558543482427809,-8.842186194855921e-08,9.356175196356453e-08,S12_D20 hbo,AV,False,0.996946650613581,False
ch_name[S12_D21 hbo]:Condition[AV],-2.0471562699357513e-08,4.642524437887309e-08,-0.4409575646450142,0.6592437183894102,-1.1146336965541939e-07,7.052024425670436e-08,S12_D21 hbo,AV,False,0.996946650613581,False
ch_name[S12_D22 hbo]:Condition[AV],9.065362563419794e-09,4.6425244378873085e-08,0.19526795571474048,0.8451831818081177,-8.192644439264207e-08,1.0005716951948165e-07,S12_D22 hbo,AV,False,0.996946650613581,False
ch_name[S12_D24 hbo]:Condition[AV],-9.691433788843886e-08,4.642524437887309e-08,-2.0875353309403804,0.03683977079153151,-1.8790614484450072e-07,-5.922530932376991e-09,S12_D24 hbo,AV,True,0.3987363426848116,False
ch_name[S13_D21 hbo]:Condition[AV],-3.875859311097637e-08,4.64252443788731e-08,-0.8348602927034755,0.4037963738257726,-1.2975040006703827e-07,5.223321384508551e-08,S13_D21 hbo,AV,False,0.9586907455992537,False
ch_name[S13_D23 hbo]:Condition[AV],-3.324162897806129e-08,4.64252443788731e-08,-0.716024857225925,0.4739760003759108,-1.2423343593412317e-07,5.77501779780006e-08,S13_D23 hbo,AV,False,0.9860680485636177,False
ch_name[S13_D24 hbo]:Condition[AV],-1.3558334328721204e-07,4.64252443788731e-08,-2.920465903867432,0.0034950843985749967,-2.2657515024327394e-07,-4.4591536331150155e-08,S13_D24 hbo,AV,True,0.08038694116722493,False
ch_name[S13_D25 hbo]:Condition[AV],-4.26873949768507e-08,4.64252443788731e-08,-0.9194867048729335,0.3578410565315999,-1.336792019329126e-07,4.8304411979211184e-08,S13_D25 hbo,AV,False,0.9061159012640561,False
ch_name[S13_D31 hbo]:Condition[AV],9.162160328661283e-09,2.7563251647125484e-07,0.03324049152820758,0.9734828083806937,-5.310676449231415e-07,5.493919655804641e-07,S13_D31 hbo,AV,False,0.996946650613581,False
ch_name[S14_D22 hbo]:Condition[AV],-1.358257862587298e-07,4.642524437887309e-08,-2.9256881267067825,0.003436952995224179,-2.2681759321479167e-07,-4.483397930266792e-08,S14_D22 hbo,AV,True,0.08038694116722493,False
ch_name[S14_D24 hbo]:Condition[AV],1.280233120910192e-08,4.642524437887309e-08,0.2757622793457588,0.7827306574207183,-7.818947574695995e-08,1.037941381651638e-07,S14_D24 hbo,AV,False,0.996946650613581,False
ch_name[S14_D26 hbo]:Condition[AV],-2.6513930767410665e-08,4.642524437887309e-08,-0.5711102035571936,0.5679249424126576,-1.1750573772347254e-07,6.447787618865121e-08,S14_D26 hbo,AV,False,0.996946650613581,False
ch_name[S15_D11 hbo]:Condition[AV],-1.9909708937912512e-08,4.642524437887309e-08,-0.42885523176638135,0.668028581551465,-1.1090151589397439e-07,7.108209801814936e-08,S15_D11 hbo,AV,False,0.996946650613581,False
ch_name[S15_D14 hbo]:Condition[AV],-2.355690465889782e-08,4.642524437887309e-08,-0.5074158461429219,0.6118630695111658,-1.145487116149597e-07,6.743490229716405e-08,S15_D14 hbo,AV,False,0.996946650613581,False
ch_name[S15_D25 hbo]:Condition[AV],8.033185417761374e-09,4.64252443788731e-08,0.17303485474848818,0.8626240307048598,-8.295862153830051e-08,9.902499237382326e-08,S15_D25 hbo,AV,False,0.996946650613581,False
ch_name[S16_D14 hbo]:Condition[AV],-2.0305321124666152e-08,4.642524437887309e-08,-0.4373767202807999,0.6618381642565718,-1.1129712808072802e-07,7.068648583139573e-08,S16_D14 hbo,AV,False,0.996946650613581,False
ch_name[S16_D25 hbo]:Condition[AV],1.1396484059822266e-08,4.642524437887309e-08,0.24548032460133923,0.8060845408806137,-7.95953228962396e-08,1.0238829101588414e-07,S16_D25 hbo,AV,False,0.996946650613581,False
ch_name[S16_D26 hbo]:Condition[AV],1.2677082622279653e-07,4.642524437887309e-08,2.730644241487,0.006321066527733396,3.5779019266734654e-08,2.177626331788584e-07,S16_D26 hbo,AV,True,0.12840618930333414,False
ch_name[S16_D27 hbo]:Condition[AV],6.584308448609612e-08,4.6425244378873085e-08,1.4182603746521059,0.1561147609519654,-2.5148722469965742e-08,1.56834891442158e-07,S16_D27 hbo,AV,False,0.7140893515159346,False
ch_name[S16_D32 hbo]:Condition[AV],-8.150780076658728e-08,2.756325164712549e-07,-0.29571184782579,0.7674501483869907,-6.217376060183902e-07,4.5872200448521566e-07,S16_D32 hbo,AV,False,0.996946650613581,False
ch_name[S17_D13 hbo]:Condition[AV],7.094506048840269e-08,4.6425244378873105e-08,1.528156963686074,0.12647357110979182,-2.004674646765921e-08,1.619368674444646e-07,S17_D13 hbo,AV,False,0.6615363937316272,False
ch_name[S17_D14 hbo]:Condition[AV],1.0945401282187427e-07,4.642524437887309e-08,2.3576399927726372,0.01839151926354353,1.8462205865812395e-08,2.0044581977793613e-07,S17_D14 hbo,AV,True,0.25066959588829696,False
ch_name[S17_D27 hbo]:Condition[AV],7.911058947060191e-08,4.642524437887309e-08,1.7040424994855399,0.08837314769205946,-1.1881217485459959e-08,1.701023964266638e-07,S17_D27 hbo,AV,False,0.5612568721995902,False
ch_name[S18_D26 hbo]:Condition[AV],-1.052026676846353e-08,4.64252443788731e-08,-0.22660659968978056,0.8207296599773523,-1.0151207372452542e-07,8.047154018759835e-08,S18_D26 hbo,AV,False,0.996946650613581,False
ch_name[S18_D27 hbo]:Condition[AV],1.1301961485238894e-07,4.642524437887309e-08,2.4344430786415243,0.014914725484159563,2.2027807896327067e-08,2.040114218084508e-07,S18_D27 hbo,AV,True,0.21954475912682878,False
ch_name[S19_D33 hbo]:Condition[AV],2.5363597836145264e-08,2.7563251647125484e-07,0.09201961423441266,0.9266824558025616,-5.148662074156576e-07,5.655934030879481e-07,S19_D33 hbo,AV,False,0.996946650613581,False
ch_name[S19_D4 hbo]:Condition[AV],7.03968901668191e-08,4.642524437887309e-08,1.5163493721716386,0.12943103355618793,-2.0594916789242768e-08,1.6138869712288098e-07,S19_D4 hbo,AV,False,0.6615363937316272,False
ch_name[S19_D6 hbo]:Condition[AV],-1.354313685138276e-08,4.642524437887309e-08,-0.2917192366475918,0.7705012999410059,-1.0453494380744463e-07,7.744867010467911e-08,S19_D6 hbo,AV,False,0.996946650613581,False
ch_name[S19_D8 hbo]:Condition[AV],-8.899964853185828e-09,4.642524437887309e-08,-0.19170528819522958,0.8479730634407905,-9.98917718092477e-08,8.209184210287604e-08,S19_D8 hbo,AV,False,0.996946650613581,False
ch_name[S1_D2 hbo]:Condition[AV],-3.3490595491123704e-08,4.642524437887309e-08,-0.7213875971833202,0.47067107538280906,-1.2448240244718558e-07,5.750121146493817e-08,S1_D2 hbo,AV,False,0.9860680485636177,False
ch_name[S1_D4 hbo]:Condition[AV],-2.8872802081610155e-08,4.642524437887309e-08,-0.6219203036602519,0.533994273696491,-1.1986460903767203e-07,6.211900487445171e-08,S1_D4 hbo,AV,False,0.996946650613581,False
ch_name[S20_D3 hbo]:Condition[AV],2.518668642575813e-08,4.64252443788731e-08,0.5425213536887686,0.5874594011811725,-6.580512053030375e-08,1.1617849338182002e-07,S20_D3 hbo,AV,False,0.996946650613581,False
ch_name[S20_D5 hbo]:Condition[AV],-1.866587721824759e-08,4.642524437887309e-08,-0.40206309019973496,0.6876375956429149,-1.0965768417430946e-07,7.232592973781428e-08,S20_D5 hbo,AV,False,0.996946650613581,False
ch_name[S20_D6 hbo]:Condition[AV],-4.438870447444352e-08,4.6425244378873085e-08,-0.9561329201024876,0.339005084729621,-1.3538051143050538e-07,4.660310248161834e-08,S20_D6 hbo,AV,False,0.9061159012640561,False
ch_name[S20_D7 hbo]:Condition[AV],-1.2589426361437367e-07,4.6425244378873105e-08,-2.7117630784441236,0.006692640938996597,-2.1688607057043557e-07,-3.4902456658311773e-08,S20_D7 hbo,AV,True,0.12840618930333414,False
ch_name[S21_D10 hbo]:Condition[AV],2.247075725206752e-08,4.642524437887309e-08,0.48402022547658086,0.6283715152629719,-6.852104970399435e-08,1.134625642081294e-07,S21_D10 hbo,AV,False,0.996946650613581,False
ch_name[S21_D6 hbo]:Condition[AV],-1.5125457876368993e-07,4.642524437887309e-08,-3.2580243957212622,0.0011219076109888753,-2.422463857197518e-07,-6.026277180762805e-08,S21_D6 hbo,AV,True,0.041286200084390615,True
ch_name[S21_D7 hbo]:Condition[AV],-6.753635414698628e-08,4.64252443788731e-08,-1.4547334117582005,0.14574307896562314,-1.5852816110304815e-07,2.3455452809075607e-08,S21_D7 hbo,AV,False,0.6789044691056875,False
ch_name[S21_D8 hbo]:Condition[AV],2.6786003993878995e-09,4.642524437887309e-08,0.0576970662238853,0.9539899306193091,-8.831320655667397e-08,9.367040735544978e-08,S21_D8 hbo,AV,False,0.996946650613581,False
ch_name[S22_D5 hbo]:Condition[AV],-6.839437769167812e-08,4.642524437887309e-08,-1.4732152432740366,0.14069300610417848,-1.5938618464774e-07,2.2597429264383753e-08,S22_D5 hbo,AV,False,0.6777204801276586,False
ch_name[S22_D7 hbo]:Condition[AV],4.17877675942188e-08,4.642524437887309e-08,0.9001087264763071,0.3680623925012644,-4.9204039361843076e-08,1.3277957455028066e-07,S22_D7 hbo,AV,False,0.9061159012640561,False
ch_name[S22_D9 hbo]:Condition[AV],-2.441667135802355e-08,4.642524437887309e-08,-0.5259352252141279,0.5989332133469618,-1.1540847831408543e-07,6.657513559803832e-08,S22_D9 hbo,AV,False,0.996946650613581,False
ch_name[S23_D10 hbo]:Condition[AV],-5.180628000328464e-08,4.642524437887309e-08,-1.1159075347131682,0.2644617162527486,-1.4279808695934653e-07,3.9185526952777234e-08,S23_D10 hbo,AV,False,0.8737080811946656,False
ch_name[S23_D12 hbo]:Condition[AV],3.261094005290665e-08,4.642524437887309e-08,0.70243981457095,0.4824049229492787,-5.838086690315522e-08,1.2360274700896852e-07,S23_D12 hbo,AV,False,0.987982566437221,False
ch_name[S23_D8 hbo]:Condition[AV],9.1100023677971e-08,4.6425244378873105e-08,1.9622949732802741,0.04972815210950932,1.0821672190910073e-10,1.8209183063403289e-07,S23_D8 hbo,AV,True,0.4463404872268154,False
ch_name[S24_D10 hbo]:Condition[AV],-5.3275259486402e-08,4.6425244378873085e-08,-1.147549360249489,0.25115464510613805,-1.4426706644246386e-07,3.771654746965986e-08,S24_D10 hbo,AV,False,0.8737080811946656,False
ch_name[S24_D11 hbo]:Condition[AV],-7.009861374918356e-09,4.642524437887309e-08,-0.15099244966189904,0.8799816719097115,-9.800166833098023e-08,8.398194558114351e-08,S24_D11 hbo,AV,False,0.996946650613581,False
ch_name[S24_D34 hbo]:Condition[AV],2.0057542501403194e-08,2.756325164712548e-07,0.07276914479534913,0.9419898247256285,-5.201722627503995e-07,5.60287347753206e-07,S24_D34 hbo,AV,False,0.996946650613581,False
ch_name[S24_D7 hbo]:Condition[AV],-2.3907523305516368e-08,4.642524437887309e-08,-0.5149681735740319,0.6065752602005057,-1.1489933026157823e-07,6.708428365054551e-08,S24_D7 hbo,AV,False,0.996946650613581,False
ch_name[S24_D9 hbo]:Condition[AV],-1.734010255832198e-08,4.642524437887309e-08,-0.3735058972831817,0.7087719570016626,-1.0833190951438385e-07,7.36517043977399e-08,S24_D9 hbo,AV,False,0.996946650613581,False
ch_name[S25_D11 hbo]:Condition[AV],-1.0822126366266572e-08,4.6425244378873105e-08,-0.2331086569614577,0.8156770327835636,-1.0181393332232847e-07,8.016968058979533e-08,S25_D11 hbo,AV,False,0.996946650613581,False
ch_name[S25_D12 hbo]:Condition[AV],1.1877351642335524e-07,4.642524437887308e-08,2.55838214773956,0.010516045823270672,2.7781709467293393e-08,2.0976532337941709e-07,S25_D12 hbo,AV,True,0.17590476649834577,False
ch_name[S25_D13 hbo]:Condition[AV],7.30402222334122e-08,4.64252443788731e-08,1.5732867583277792,0.1156524340574215,-1.795158472264968e-08,1.640320291894741e-07,S25_D13 hbo,AV,False,0.6168129816395813,False
ch_name[S25_D14 hbo]:Condition[AV],5.1900932877735404e-08,4.64252443788731e-08,1.117946358110161,0.26358990413213634,-3.909087407832648e-08,1.4289273983379728e-07,S25_D14 hbo,AV,False,0.8737080811946656,False
ch_name[S25_D35 hbo]:Condition[AV],-1.8318715563316072e-07,2.7563251647125484e-07,-0.6646064766900059,0.5063022256402292,-7.234169608849635e-07,3.570426496186421e-07,S25_D35 hbo,AV,False,0.996946650613581,False
ch_name[S26_D12 hbo]:Condition[AV],8.534162907853212e-08,4.6425244378873085e-08,1.8382591243260933,0.06602423124018879,-5.650177877529741e-09,1.7633343603459398e-07,S26_D12 hbo,AV,False,0.5281938499215103,False
ch_name[S26_D13 hbo]:Condition[AV],8.223315801838047e-08,4.642524437887309e-08,1.771302641883402,0.07651038837794277,-8.758648937681407e-09,1.7322496497444234e-07,S26_D13 hbo,AV,False,0.552074959276136,False
ch_name[S2_D1 hbo]:Condition[AV],-5.48401731234121e-08,4.642524437887309e-08,-1.1812576079484984,0.23750040231000968,-1.4583198007947396e-07,3.6151633832649776e-08,S2_D1 hbo,AV,False,0.8737080811946656,False
ch_name[S2_D2 hbo]:Condition[AV],-1.6161703489875226e-08,4.642524437887309e-08,-0.3481231753565091,0.7277476802040077,-1.071535104459371e-07,7.483010346618665e-08,S2_D2 hbo,AV,False,0.996946650613581,False
ch_name[S2_D28 hbo]:Condition[AV],1.5602288298200353e-07,2.7563251647125473e-07,0.5660539800581725,0.5713570859003476,-3.842069222697991e-07,6.962526882338062e-07,S2_D28 hbo,AV,False,0.996946650613581,False
ch_name[S2_D3 hbo]:Condition[AV],6.262868143926228e-09,4.6425244378873105e-08,0.1349022116677601,0.8926891908797345,-8.472893881213567e-08,9.725467509998813e-08,S2_D3 hbo,AV,False,0.996946650613581,False
ch_name[S3_D2 hbo]:Condition[AV],5.120139028770932e-08,4.64252443788731e-08,1.102878207163724,0.2700800593080813,-3.9790416668352566e-08,1.421931972437712e-07,S3_D2 hbo,AV,False,0.8737080811946656,False
ch_name[S3_D3 hbo]:Condition[AV],-3.998507794266079e-09,4.642524437887309e-08,-0.08612787822148105,0.931364762345698,-9.499031475032796e-08,8.699329916179579e-08,S3_D3 hbo,AV,False,0.996946650613581,False
ch_name[S3_D4 hbo]:Condition[AV],1.6331479215323163e-08,4.64252443788731e-08,0.3517801453459917,0.7250031497402083,-7.466032774073872e-08,1.0732328617138505e-07,S3_D4 hbo,AV,False,0.996946650613581,False
ch_name[S3_D6 hbo]:Condition[AV],5.902173547341116e-08,4.6425244378873085e-08,1.2713284822313269,0.20361181369130021,-3.19700714826507e-08,1.50013542429473e-07,S3_D6 hbo,AV,False,0.8144472547652009,False
ch_name[S4_D1 hbo]:Condition[AV],-3.404598461954848e-08,4.642524437887309e-08,-0.7333506818338238,0.4633445708136722,-1.2503779157561034e-07,5.6945822336513394e-08,S4_D1 hbo,AV,False,0.9860680485636177,False
ch_name[S4_D3 hbo]:Condition[AV],-2.280890049540357e-08,4.64252443788731e-08,-0.4913038326575465,0.6232115695088789,-1.1380070745146546e-07,6.818290646065831e-08,S4_D3 hbo,AV,False,0.996946650613581,False
ch_name[S4_D5 hbo]:Condition[AV],-9.301547839810882e-08,4.6425244378873085e-08,-2.003553877692408,0.04511787070826348,-1.840072853541707e-07,-2.0236714420469636e-09,S4_D5 hbo,AV,True,0.4257276005292554,False
ch_name[S5_D15 hbo]:Condition[AV],-5.263238654512556e-08,4.6425244378873085e-08,-1.1337018738252929,0.25691962337276797,-1.436241935011874e-07,3.83594204109363e-08,S5_D15 hbo,AV,False,0.8737080811946656,False
ch_name[S5_D16 hbo]:Condition[AV],-8.671853872467706e-09,4.64252443788731e-08,-0.18679177651058393,0.8518238948322882,-9.966366082852959e-08,8.231995308359418e-08,S5_D16 hbo,AV,False,0.996946650613581,False
ch_name[S5_D17 hbo]:Condition[AV],-2.8754268157956107e-08,4.642524437887309e-08,-0.6193670823419816,0.535674561360818,-1.19746075114018e-07,6.223753879810577e-08,S5_D17 hbo,AV,False,0.996946650613581,False
ch_name[S5_D29 hbo]:Condition[AV],5.6998193049372886e-08,2.756325164712548e-07,0.20679052594767833,0.8361734554350456,-4.832316122024299e-07,5.972279983011756e-07,S5_D29 hbo,AV,False,0.996946650613581,False
ch_name[S6_D16 hbo]:Condition[AV],3.9814399644991985e-08,4.642524437887309e-08,0.8576023708151006,0.39111206548541266,-5.117740731106989e-08,1.3080620660105386e-07,S6_D16 hbo,AV,False,0.9466923472433438,False
ch_name[S6_D18 hbo]:Condition[AV],6.536883471368562e-08,4.642524437887309e-08,1.4080450321427551,0.15911773593561584,-2.562297224237625e-08,1.563606416697475e-07,S6_D18 hbo,AV,False,0.7140893515159346,False
ch_name[S7_D15 hbo]:Condition[AV],-1.1020682970255818e-07,4.6425244378873105e-08,-2.3738556722107504,0.01760342987135827,-2.0119863665862008e-07,-1.921502274649628e-08,S7_D15 hbo,AV,True,0.24915623817922478,False
ch_name[S7_D17 hbo]:Condition[AV],-1.6982325383219295e-08,4.642524437887309e-08,-0.36579937511212124,0.7145147862005787,-1.0797413233928116e-07,7.400948157284258e-08,S7_D17 hbo,AV,False,0.996946650613581,False
ch_name[S7_D19 hbo]:Condition[AV],4.884381829598254e-08,4.6425244378873105e-08,1.0520960944733349,0.29275546382309703,-4.214798866007936e-08,1.3983562525204445e-07,S7_D19 hbo,AV,False,0.8758862657471521,False
ch_name[S8_D16 hbo]:Condition[AV],5.5603190433577755e-08,4.6425244378873105e-08,1.1976930046895196,0.23103655363146913,-3.5388616522484144e-08,1.4659499738963967e-07,S8_D16 hbo,AV,False,0.8737080811946656,False
ch_name[S8_D17 hbo]:Condition[AV],8.243332139316472e-08,4.642524437887309e-08,1.7756141619941146,0.07579653415496444,-8.55848556289715e-09,1.734251283492266e-07,S8_D17 hbo,AV,False,0.552074959276136,False
ch_name[S8_D18 hbo]:Condition[AV],5.2140125864351514e-08,4.642524437887309e-08,1.123098576258203,0.26139563074544847,-3.885168109171036e-08,1.4313193282041338e-07,S8_D18 hbo,AV,False,0.8737080811946656,False
ch_name[S8_D20 hbo]:Condition[AV],1.0424491460791985e-08,4.64252443788731e-08,0.2245435990755042,0.8223343457356074,-8.05673154952699e-08,1.0141629841685387e-07,S8_D20 hbo,AV,False,0.996946650613581,False
ch_name[S9_D17 hbo]:Condition[AV],-3.628901129066648e-08,4.64252443788731e-08,-0.78166548773582,0.4344111892722937,-1.2728081824672838e-07,5.470279566539541e-08,S9_D17 hbo,AV,False,0.9860680485636177,False
ch_name[S9_D19 hbo]:Condition[AV],-4.5955142998608305e-08,4.642524437887308e-08,-0.9898740138785633,0.32223570244680877,-1.3694694995467015e-07,4.503666395745354e-08,S9_D19 hbo,AV,False,0.9061159012640561,False
ch_name[S9_D20 hbo]:Condition[AV],-9.039885357263661e-08,4.642524437887308e-08,-1.9471917656458213,0.051511748528942,-1.8139066052869845e-07,5.929533834252386e-10,S9_D20 hbo,AV,False,0.45134103472977755,False
ch_name[S9_D21 hbo]:Condition[AV],-4.4492840955436266e-08,4.64252443788731e-08,-0.95837602043262,0.3378731825590826,-1.3548464791149815e-07,4.649896600062562e-08,S9_D21 hbo,AV,False,0.9061159012640561,False
ch_name[S10_D18 hbo]:Condition[V],-2.449965648007269e-09,4.6425244378873085e-08,-0.05277227251650579,0.9579133540327759,-9.344177260406913e-08,8.854184130805459e-08,S10_D18 hbo,V,False,0.996946650613581,False
ch_name[S10_D20 hbo]:Condition[V],4.983132122007465e-08,4.642524437887309e-08,1.0733669124798744,0.2831065239755204,-4.1160485735987224e-08,1.408231281761365e-07,S10_D20 hbo,V,False,0.8737080811946656,False
ch_name[S10_D22 hbo]:Condition[V],1.560016097309138e-08,4.6425244378873085e-08,0.33602754668946033,0.7368500937984976,-7.539164598297049e-08,1.0659196792915323e-07,S10_D22 hbo,V,False,0.996946650613581,False
ch_name[S10_D30 hbo]:Condition[V],3.9644400377676774e-08,2.756325164712548e-07,0.1438306368392904,0.8856342097045928,-5.005854048741259e-07,5.798742056294795e-07,S10_D30 hbo,V,False,0.996946650613581,False
ch_name[S11_D19 hbo]:Condition[V],6.533805653293756e-09,4.6425244378873085e-08,0.14073820699729306,0.8880767606610241,-8.445800130276811e-08,9.752561260935561e-08,S11_D19 hbo,V,False,0.996946650613581,False
ch_name[S11_D21 hbo]:Condition[V],1.0591893012225146e-08,4.642524437887309e-08,0.22814942934463556,0.8195300741645949,-8.039991394383672e-08,1.0158369996828702e-07,S11_D21 hbo,V,False,0.996946650613581,False
ch_name[S11_D23 hbo]:Condition[V],4.167635878483993e-08,4.642524437887309e-08,0.8977089801557564,0.36934072062393586,-4.9315448171221946e-08,1.326681657409018e-07,S11_D23 hbo,V,False,0.9061159012640561,False
ch_name[S12_D20 hbo]:Condition[V],-7.72930145775699e-08,4.642524437887309e-08,-1.6648919270469995,0.09593431911941233,-1.6828482153363178e-07,1.369879237849197e-08,S12_D20 hbo,V,False,0.5983699904397244,False
ch_name[S12_D21 hbo]:Condition[V],-1.0839515634563758e-08,4.642524437887309e-08,-0.23348322188900605,0.8153861965599247,-1.0183132259062563e-07,8.015229132149812e-08,S12_D21 hbo,V,False,0.996946650613581,False
ch_name[S12_D22 hbo]:Condition[V],-1.3774824760564735e-08,4.642524437887309e-08,-0.296709795389538,0.7666880780039028,-1.0476663171662661e-07,7.721698219549713e-08,S12_D22 hbo,V,False,0.996946650613581,False
ch_name[S12_D24 hbo]:Condition[V],-8.300617294602512e-08,4.6425244378873085e-08,-1.7879533873557607,0.07378352845960325,-1.73997979902087e-07,7.985634010036744e-09,S12_D24 hbo,V,False,0.552074959276136,False
ch_name[S13_D21 hbo]:Condition[V],2.0748214448762946e-08,4.642524437887308e-08,0.44691664473402143,0.6549352455808176,-7.02435925072989e-08,1.1174002140482479e-07,S13_D21 hbo,V,False,0.996946650613581,False
ch_name[S13_D23 hbo]:Condition[V],3.417080348053154e-09,4.642524437887309e-08,0.0736039280734121,0.941325545469282,-8.757472660800872e-08,9.440888730411503e-08,S13_D23 hbo,V,False,0.996946650613581,False
ch_name[S13_D24 hbo]:Condition[V],-7.266378789898183e-09,4.642524437887309e-08,-0.15651783608499262,0.8756248613391355,-9.825818574596005e-08,8.372542816616369e-08,S13_D24 hbo,V,False,0.996946650613581,False
ch_name[S13_D25 hbo]:Condition[V],1.7397848992538288e-08,4.642524437887309e-08,0.3747497557698499,0.7078465845686592,-7.359395796352358e-08,1.0838965594860016e-07,S13_D25 hbo,V,False,0.996946650613581,False
ch_name[S13_D31 hbo]:Condition[V],9.961495680553358e-09,2.756325164712548e-07,0.03614049535259467,0.9711703327831446,-5.302683095712493e-07,5.501913009323561e-07,S13_D31 hbo,V,False,0.996946650613581,False
ch_name[S14_D22 hbo]:Condition[V],-6.161200949339365e-09,4.642524437887308e-08,-0.13271229977936674,0.8944209150972124,-9.715300790540122e-08,8.483060600672248e-08,S14_D22 hbo,V,False,0.996946650613581,False
ch_name[S14_D24 hbo]:Condition[V],8.214269969944869e-09,4.642524437887309e-08,0.1769354169233618,0.8595591188078936,-8.2777536986117e-08,9.920607692600675e-08,S14_D24 hbo,V,False,0.996946650613581,False
ch_name[S14_D26 hbo]:Condition[V],-1.517549548078527e-07,4.642524437887309e-08,-3.2688024982570125,0.0010800366092849878,-2.427467617639146e-07,-6.076314785179081e-08,S14_D26 hbo,V,True,0.041286200084390615,True
ch_name[S15_D11 hbo]:Condition[V],-2.659961668570609e-08,4.642524437887309e-08,-0.5729558786730022,0.5666745683223497,-1.1759142364176797e-07,6.439219027035578e-08,S15_D11 hbo,V,False,0.996946650613581,False
ch_name[S15_D14 hbo]:Condition[V],1.3583436915514622e-07,4.642524437887309e-08,2.9258730023392374,0.003434911268171262,4.484256219908435e-08,2.268261761112081e-07,S15_D14 hbo,V,True,0.08038694116722493,False
ch_name[S15_D25 hbo]:Condition[V],3.9425473125650875e-09,4.642524437887308e-08,0.08492248916107457,0.9323230126044199,-8.704925964349675e-08,9.493435426862694e-08,S15_D25 hbo,V,False,0.996946650613581,False
ch_name[S16_D14 hbo]:Condition[V],4.9401551980174066e-08,4.64252443788731e-08,1.064109680866977,0.28727901582759385,-4.159025497588782e-08,1.4039335893623595e-07,S16_D14 hbo,V,False,0.8737080811946656,False
ch_name[S16_D25 hbo]:Condition[V],1.014582909714902e-07,4.6425244378873085e-08,2.185412103455964,0.028858644222024988,1.0466484015428339e-08,1.9245009792755205e-07,S16_D25 hbo,V,True,0.32181760829409684,False
ch_name[S16_D26 hbo]:Condition[V],1.9717544355022917e-07,4.642524437887309e-08,4.247160056737548,2.1649729895771267e-05,1.061836365941673e-07,2.88167250506291e-07,S16_D26 hbo,V,True,0.002655700200547942,True
ch_name[S16_D27 hbo]:Condition[V],1.5523861026099173e-07,4.642524437887309e-08,3.3438404544325184,0.0008262724111208106,6.424680330492986e-08,2.462304172170536e-07,S16_D27 hbo,V,True,0.041286200084390615,True
ch_name[S16_D32 hbo]:Condition[V],-1.916863724186711e-08,2.756325164712548e-07,-0.06954417964640312,0.9445564674823146,-5.593984424936698e-07,5.210611680099356e-07,S16_D32 hbo,V,False,0.996946650613581,False
ch_name[S17_D13 hbo]:Condition[V],4.298889500757008e-08,4.642524437887309e-08,0.9259810170678001,0.35445584551188747,-4.8002911948491796e-08,1.3398070196363194e-07,S17_D13 hbo,V,False,0.9061159012640561,False
ch_name[S17_D14 hbo]:Condition[V],1.0359186255635892e-07,4.6425244378873085e-08,2.231369246243556,0.02565668024200817,1.2600055600297062e-08,1.945836695124208e-07,S17_D14 hbo,V,True,0.3045696235180325,False
ch_name[S17_D27 hbo]:Condition[V],7.616412255302246e-08,4.642524437887309e-08,1.6405755870976686,0.10088554609225658,-1.482768440303941e-08,1.6715592950908435e-07,S17_D27 hbo,V,False,0.6111760457145142,False
ch_name[S18_D26 hbo]:Condition[V],-1.6295736150329145e-08,4.642524437887307e-08,-0.35101023954426214,0.7255806665252715,-1.0728754310639098e-07,7.469607080573269e-08,S18_D26 hbo,V,False,0.996946650613581,False
ch_name[S18_D27 hbo]:Condition[V],1.5312914413308623e-07,4.642524437887309e-08,3.298402543310494,0.0009723662725264322,6.213733717702435e-08,2.441209510891481e-07,S18_D27 hbo,V,True,0.041286200084390615,True
ch_name[S19_D33 hbo]:Condition[V],-1.1190882610079718e-08,2.756325164712548e-07,-0.040600734461047505,0.9676141986257837,-5.514206878618824e-07,5.29038922641723e-07,S19_D33 hbo,V,False,0.996946650613581,False
ch_name[S19_D4 hbo]:Condition[V],3.731438068762365e-08,4.6425244378873085e-08,0.8037519497604293,0.4215402451096889,-5.367742626843821e-08,1.283061876436855e-07,S19_D4 hbo,V,False,0.9756403157255693,False
ch_name[S19_D6 hbo]:Condition[V],-1.3889642818716855e-08,4.6425244378873085e-08,-0.29918297694600116,0.7648004372104407,-1.0488144977477872e-07,7.7102164137345e-08,S19_D6 hbo,V,False,0.996946650613581,False
ch_name[S19_D8 hbo]:Condition[V],-6.96549233267254e-08,4.6425244378873085e-08,-1.500367402663012,0.13351925854027438,-1.6064673028278727e-07,2.1336883629336454e-08,S19_D8 hbo,V,False,0.6639876640921752,False
ch_name[S1_D2 hbo]:Condition[V],-2.8684691462074448e-08,4.642524437887309e-08,-0.6178683999588831,0.5366620907174262,-1.1967649841813633e-07,6.230711549398743e-08,S1_D2 hbo,V,False,0.996946650613581,False
ch_name[S1_D4 hbo]:Condition[V],-4.647178482192222e-08,4.6425244378873085e-08,-1.0010024813799432,0.3168256087442868,-1.3746359177798408e-07,4.452002213413964e-08,S1_D4 hbo,V,False,0.9038125892860274,False
ch_name[S20_D3 hbo]:Condition[V],2.485571709769288e-08,4.6425244378873105e-08,0.5353922726792162,0.5923786323757916,-6.613608985836902e-08,1.1584752405375478e-07,S20_D3 hbo,V,False,0.996946650613581,False
ch_name[S20_D5 hbo]:Condition[V],4.9619265038765076e-08,4.642524437887309e-08,1.0687992212561297,0.28516015032596875,-4.13725419172968e-08,1.4061107199482694e-07,S20_D5 hbo,V,False,0.8737080811946656,False
ch_name[S20_D6 hbo]:Condition[V],-3.551085728139307e-08,4.6425244378873085e-08,-0.7649040464190455,0.4443286842243429,-1.2650266423745494e-07,5.548094967466879e-08,S20_D6 hbo,V,False,0.9860680485636177,False
ch_name[S20_D7 hbo]:Condition[V],5.3220860695224095e-08,4.642524437887309e-08,1.1463776100108911,0.25163894284848876,-3.777094626083778e-08,1.4421266765128597e-07,S20_D7 hbo,V,False,0.8737080811946656,False
ch_name[S21_D10 hbo]:Condition[V],-3.78308030009286e-08,4.642524437887309e-08,-0.8148756890150999,0.41514347024700193,-1.2882260995699048e-07,5.316100395513327e-08,S21_D10 hbo,V,False,0.9730751404515714,False
ch_name[S21_D6 hbo]:Condition[V],-4.81196698985395e-08,4.642524437887309e-08,-1.036497934310013,0.2999699026261359,-1.3911147685460139e-07,4.2872137057522374e-08,S21_D6 hbo,V,False,0.8881564722132452,False
ch_name[S21_D7 hbo]:Condition[V],-2.6841407439670682e-09,4.642524437887309e-08,-0.05781640527429405,0.9538948705185119,-9.367594770002894e-08,8.83076662120948e-08,S21_D7 hbo,V,False,0.996946650613581,False
ch_name[S21_D8 hbo]:Condition[V],-7.577789072932202e-10,4.642524437887308e-08,-0.01632256151651117,0.9869770584508573,-9.174958586335506e-08,9.023402804876863e-08,S21_D8 hbo,V,False,0.996946650613581,False
ch_name[S22_D5 hbo]:Condition[V],-1.3400989114116894e-09,4.642524437887309e-08,-0.028865737366404326,0.9769716718489141,-9.233190586747357e-08,8.965170804465018e-08,S22_D5 hbo,V,False,0.996946650613581,False
ch_name[S22_D7 hbo]:Condition[V],3.260026693012363e-08,4.642524437887309e-08,0.7022099154519293,0.48254826290734,-5.839154002593824e-08,1.235920738861855e-07,S22_D7 hbo,V,False,0.987982566437221,False
ch_name[S22_D9 hbo]:Condition[V],-1.496667532429742e-08,4.642524437887309e-08,-0.32238226259307234,0.7471631199381328,-1.0595848228035929e-07,7.602513163176445e-08,S22_D9 hbo,V,False,0.996946650613581,False
ch_name[S23_D10 hbo]:Condition[V],6.999053838121041e-08,4.642524437887309e-08,1.5075965526432697,0.131657815599505,-2.1001268574851466e-08,1.6098234533727228e-07,S23_D10 hbo,V,False,0.6636996731591486,False
ch_name[S23_D12 hbo]:Condition[V],1.8092496397334407e-07,4.6425244378873105e-08,3.897124644015406,9.734152628666662e-05,8.993315701728217e-08,2.71916770929406e-07,S23_D12 hbo,V,True,0.007164336334698663,True
ch_name[S23_D8 hbo]:Condition[V],4.2504675105286124e-08,4.642524437887309e-08,0.9155509179102757,0.3599024846686828,-4.848713185077575e-08,1.33496482061348e-07,S23_D8 hbo,V,False,0.9061159012640561,False
ch_name[S24_D10 hbo]:Condition[V],-4.430515564523497e-08,4.64252443788731e-08,-0.9543332778964773,0.3399149683016668,-1.3529696260129685e-07,4.668665131082692e-08,S24_D10 hbo,V,False,0.9061159012640561,False
ch_name[S24_D11 hbo]:Condition[V],7.998451157529897e-09,4.6425244378873105e-08,0.1722866786064734,0.8632121566919944,-8.2993355798532e-08,9.89902581135918e-08,S24_D11 hbo,V,False,0.996946650613581,False
ch_name[S24_D34 hbo]:Condition[V],6.91265459262444e-08,2.756325164712549e-07,0.2507924203255368,0.80197460204441,-4.7110325932555854e-07,6.093563511780474e-07,S24_D34 hbo,V,False,0.996946650613581,False
ch_name[S24_D7 hbo]:Condition[V],2.613779404428285e-08,4.642524437887309e-08,0.5630082166283108,0.5734292888932246,-6.485401291177903e-08,1.1712960100034472e-07,S24_D7 hbo,V,False,0.996946650613581,False
ch_name[S24_D9 hbo]:Condition[V],-1.8078465262668334e-09,4.6425244378873085e-08,-0.03894102336894832,0.9689374094395282,-9.279965348232869e-08,8.918396042979503e-08,S24_D9 hbo,V,False,0.996946650613581,False
ch_name[S25_D11 hbo]:Condition[V],4.53067872061189e-08,4.642524437887308e-08,0.9759084268113587,0.32910984580326386,-4.5685019749942945e-08,1.3629859416218074e-07,S25_D11 hbo,V,False,0.9061159012640561,False
ch_name[S25_D12 hbo]:Condition[V],8.098084532519217e-08,4.6425244378873085e-08,1.7443278201039354,0.08110194324449609,-1.001096163086969e-08,1.7197265228125402e-07,S25_D12 hbo,V,False,0.5554958848040351,False
ch_name[S25_D13 hbo]:Condition[V],1.2524898925725664e-07,4.642524437887309e-08,2.69786386551051,0.00697859724474642,3.4257182301194764e-08,2.162407962133185e-07,S25_D13 hbo,V,True,0.12840618930333414,False
ch_name[S25_D14 hbo]:Condition[V],4.976210946865562e-08,4.642524437887309e-08,1.0718760910023566,0.28377569039817563,-4.1229697487406255e-08,1.407539164247175e-07,S25_D14 hbo,V,False,0.8737080811946656,False
ch_name[S25_D35 hbo]:Condition[V],-1.6336903787597862e-07,2.756325164712548e-07,-0.5927059694098757,0.55337794578847,-7.035988431277813e-07,3.768607673758241e-07,S25_D35 hbo,V,False,0.996946650613581,False
ch_name[S26_D12 hbo]:Condition[V],2.567285198182051e-09,4.642524437887309e-08,0.055299336223857444,0.9558999909754874,-8.842452175787983e-08,9.355909215424392e-08,S26_D12 hbo,V,False,0.996946650613581,False
ch_name[S26_D13 hbo]:Condition[V],7.999110481154001e-08,4.642524437887309e-08,1.7230088044068943,0.0848869328812241,-1.1000702144521858e-08,1.709829117676019e-07,S26_D13 hbo,V,False,0.5612568721995902,False
ch_name[S2_D1 hbo]:Condition[V],-1.4827576238410793e-08,4.642524437887309e-08,-0.31938606757573546,0.7494337745023892,-1.0581938319447267e-07,7.616423071765108e-08,S2_D1 hbo,V,False,0.996946650613581,False
ch_name[S2_D2 hbo]:Condition[V],1.62303971569573e-08,4.642524437887309e-08,0.3496028372947742,0.7266367813008776,-7.476140979910457e-08,1.0722220411301917e-07,S2_D2 hbo,V,False,0.996946650613581,False
ch_name[S2_D28 hbo]:Condition[V],-1.4901565499721567e-08,2.756325164712548e-07,-0.05406316239642801,0.9568848414524079,-5.551313707515243e-07,5.253282397520811e-07,S2_D28 hbo,V,False,0.996946650613581,False
ch_name[S2_D3 hbo]:Condition[V],-1.0113397226420432e-08,4.642524437887309e-08,-0.21784262768518184,0.8275517299646474,-1.011052041824823e-07,8.087840972964144e-08,S2_D3 hbo,V,False,0.996946650613581,False
ch_name[S3_D2 hbo]:Condition[V],5.805570948496119e-08,4.642524437887309e-08,1.2505202775277326,0.2111095527010135,-3.2936097471100686e-08,1.4904751644102307e-07,S3_D2 hbo,V,False,0.8353129764382673,False
ch_name[S3_D3 hbo]:Condition[V],4.432366114816061e-08,4.64252443788731e-08,0.9547318865235987,0.33971330036383973,-4.666814580790128e-08,1.353154681042225e-07,S3_D3 hbo,V,False,0.9061159012640561,False
ch_name[S3_D4 hbo]:Condition[V],9.854985692867961e-09,4.6425244378873085e-08,0.21227644193840167,0.8318913732334252,-8.11368212631939e-08,1.0084679264892982e-07,S3_D4 hbo,V,False,0.996946650613581,False
ch_name[S3_D6 hbo]:Condition[V],1.4893910256038398e-07,4.64252443788731e-08,3.2081490265275208,0.0013359225480798567,5.7947295604322096e-08,2.3993090951644585e-07,S3_D6 hbo,V,True,0.04469268160848975,True
ch_name[S4_D1 hbo]:Condition[V],-4.2591637716534434e-08,4.642524437887309e-08,-0.9174240929987817,0.35892045243881743,-1.3358344467259631e-07,4.840016923952744e-08,S4_D1 hbo,V,False,0.9061159012640561,False
ch_name[S4_D3 hbo]:Condition[V],2.5070609571877227e-08,4.642524437887308e-08,0.5400210576659067,0.5891825103894175,-6.592119738418462e-08,1.1606241652793908e-07,S4_D3 hbo,V,False,0.996946650613581,False
ch_name[S4_D5 hbo]:Condition[V],-2.8090257696107655e-08,4.64252443788731e-08,-0.6050642936171767,0.5451362779861758,-1.1908206465216954e-07,6.290154925995423e-08,S4_D5 hbo,V,False,0.996946650613581,False
ch_name[S5_D15 hbo]:Condition[V],2.3790247714520578e-08,4.642524437887309e-08,0.5124420567476193,0.6083416631579761,-6.72015592415413e-08,1.1478205467058244e-07,S5_D15 hbo,V,False,0.996946650613581,False
ch_name[S5_D16 hbo]:Condition[V],1.729595009414865e-08,4.642524437887309e-08,0.3725548529803665,0.7094797795550647,-7.369585686191322e-08,1.0828775705021053e-07,S5_D16 hbo,V,False,0.996946650613581,False
ch_name[S5_D17 hbo]:Condition[V],-1.0939501809373416e-08,4.6425244378873085e-08,-0.2356369246028503,0.8137144184372753,-1.0193130876543528e-07,8.005230514668844e-08,S5_D17 hbo,V,False,0.996946650613581,False
ch_name[S5_D29 hbo]:Condition[V],-6.393737483280526e-08,2.756325164712549e-07,-0.23196600913184764,0.8165644145539473,-6.041671800846082e-07,4.7629243041899767e-07,S5_D29 hbo,V,False,0.996946650613581,False
ch_name[S6_D16 hbo]:Condition[V],8.511483617034714e-09,4.642524437887309e-08,0.18333740039305138,0.8545332904300342,-8.248032333902716e-08,9.950329057309658e-08,S6_D16 hbo,V,False,0.996946650613581,False
ch_name[S6_D18 hbo]:Condition[V],7.598494361802853e-08,4.642524437887309e-08,1.6367160719267486,0.10168980920247501,-1.5006863338033342e-08,1.669767505740904e-07,S6_D18 hbo,V,False,0.6111760457145142,False
ch_name[S7_D15 hbo]:Condition[V],1.2073890948937424e-08,4.64252443788731e-08,0.26007167243759155,0.7948084883772264,-7.891791600712447e-08,1.0306569790499931e-07,S7_D15 hbo,V,False,0.996946650613581,False
ch_name[S7_D17 hbo]:Condition[V],2.3365768264401395e-08,4.642524437887309e-08,0.5032987672335127,0.614754233042445,-6.762603869166048e-08,1.1435757522046326e-07,S7_D17 hbo,V,False,0.996946650613581,False
ch_name[S7_D19 hbo]:Condition[V],8.715988741734706e-08,4.6425244378873085e-08,1.8774244181902735,0.06045994739745396,-3.8319195387147956e-09,1.781516943734089e-07,S7_D19 hbo,V,False,0.4944280142725124,False
ch_name[S8_D16 hbo]:Condition[V],1.2947781194075745e-08,4.642524437887309e-08,0.27889527276172915,0.7803251964541791,-7.804402576198613e-08,1.0393958815013761e-07,S8_D16 hbo,V,False,0.996946650613581,False
ch_name[S8_D17 hbo]:Condition[V],2.3444660684636096e-09,4.642524437887308e-08,0.05049981103665477,0.9597240999850765,-8.864734088759823e-08,9.333627302452546e-08,S8_D17 hbo,V,False,0.996946650613581,False
ch_name[S8_D18 hbo]:Condition[V],5.40518862452728e-08,4.6425244378873105e-08,1.1642779045848248,0.24431140782908578,-3.69399207107891e-08,1.4504369320133469e-07,S8_D18 hbo,V,False,0.8737080811946656,False
ch_name[S8_D20 hbo]:Condition[V],6.670205552051889e-09,4.642524437887309e-08,0.14367626151015642,0.8857561172531478,-8.432160140400998e-08,9.766201250811377e-08,S8_D20 hbo,V,False,0.996946650613581,False
ch_name[S9_D17 hbo]:Condition[V],8.172592743741942e-08,4.642524437887309e-08,1.7603768925901604,0.07834392460147017,-9.265879518642452e-09,1.7271773439348128e-07,S9_D17 hbo,V,False,0.5544339279488659,False
ch_name[S9_D19 hbo]:Condition[V],6.282247531611096e-10,4.642524437887308e-08,0.013531964377703919,0.9892033840487313,-9.036358220290074e-08,9.162003170922295e-08,S9_D19 hbo,V,False,0.996946650613581,False
ch_name[S9_D20 hbo]:Condition[V],2.49057901994039e-10,4.6425244378873085e-08,0.0053647084754470074,0.9957196024659518,-9.074274905406782e-08,9.12408648580559e-08,S9_D20 hbo,V,False,0.996946650613581,False
ch_name[S9_D21 hbo]:Condition[V],9.354654318284476e-08,4.6425244378873085e-08,2.014993015856161,0.043905380870650566,2.5547362267829012e-09,1.845383501389066e-07,S9_D21 hbo,V,True,0.4257276005292554,False
ch_name[S10_D18 hbo]:Condition[W],4.894176440615137e-08,4.642524437887309e-08,1.054205854184442,0.2917886803838591,-4.20500425499105e-08,1.3993357136221325e-07,S10_D18 hbo,W,False,0.8758862657471521,False
ch_name[S10_D20 hbo]:Condition[W],9.909084538766038e-09,4.6425244378873105e-08,0.2134417313541466,0.8309824334395393,-8.108272241729586e-08,1.0090089149482794e-07,S10_D20 hbo,W,False,0.996946650613581,False
ch_name[S10_D22 hbo]:Condition[W],1.4823469907355638e-08,4.642524437887309e-08,0.31929761718392613,0.749500839408021,-7.616833704870624e-08,1.0581527686341751e-07,S10_D22 hbo,W,False,0.996946650613581,False
ch_name[S10_D30 hbo]:Condition[W],1.2343212473329346e-07,2.756325164712548e-07,0.4478140907085829,0.6542873732494348,-4.1679768051850924e-07,6.636619299850962e-07,S10_D30 hbo,W,False,0.996946650613581,False
ch_name[S11_D19 hbo]:Condition[W],-9.02609721447107e-09,4.6425244378873085e-08,-0.194422179898715,0.8458453242157478,-1.0001790417053293e-07,8.196570974159079e-08,S11_D19 hbo,W,False,0.996946650613581,False
ch_name[S11_D21 hbo]:Condition[W],-4.162130819511509e-09,4.642524437887309e-08,-0.08965231901731432,0.9285635071994262,-9.515393777557339e-08,8.682967613655036e-08,S11_D21 hbo,W,False,0.996946650613581,False
ch_name[S11_D23 hbo]:Condition[W],-4.290707633111004e-08,4.642524437887309e-08,-0.9242186423607912,0.3553724913916969,-1.338988832871719e-07,4.808473062495183e-08,S11_D23 hbo,W,False,0.9061159012640561,False
ch_name[S12_D20 hbo]:Condition[W],-1.0995534114354277e-08,4.642524437887308e-08,-0.23684386073707042,0.8127779234817462,-1.0198734107041612e-07,7.999627284170758e-08,S12_D20 hbo,W,False,0.996946650613581,False
ch_name[S12_D21 hbo]:Condition[W],3.467903189097572e-09,4.642524437887309e-08,0.07469865232795034,0.9404544799657704,-8.75239037669643e-08,9.445971014515944e-08,S12_D21 hbo,W,False,0.996946650613581,False
ch_name[S12_D22 hbo]:Condition[W],-3.3218979438129285e-08,4.6425244378873085e-08,-0.7155369860206137,0.47427729509717487,-1.2421078639419115e-07,5.7772827517932574e-08,S12_D22 hbo,W,False,0.9860680485636177,False
ch_name[S12_D24 hbo]:Condition[W],-2.6128632634369153e-08,4.642524437887309e-08,-0.5628108798121827,0.5735636709699994,-1.1712043959043102e-07,6.486317432169272e-08,S12_D24 hbo,W,False,0.996946650613581,False
ch_name[S13_D21 hbo]:Condition[W],-3.5456407074277183e-08,4.642524437887309e-08,-0.7637311886808821,0.4450274506100579,-1.2644821403033906e-07,5.553539988178469e-08,S13_D21 hbo,W,False,0.9860680485636177,False
ch_name[S13_D23 hbo]:Condition[W],-3.475950719490367e-08,4.6425244378873085e-08,-0.7487199617353402,0.45402600959346684,-1.2575131415096554e-07,5.623229976115819e-08,S13_D23 hbo,W,False,0.9860680485636177,False
ch_name[S13_D24 hbo]:Condition[W],-2.6606731707106603e-08,4.642524437887309e-08,-0.5731091362701503,0.5665708015646013,-1.1759853866316847e-07,6.438507524895528e-08,S13_D24 hbo,W,False,0.996946650613581,False
ch_name[S13_D25 hbo]:Condition[W],-1.969321374554842e-08,4.6425244378873085e-08,-0.4241919242219495,0.6714258499436618,-1.1068502070161028e-07,7.129859321051344e-08,S13_D25 hbo,W,False,0.996946650613581,False
ch_name[S13_D31 hbo]:Condition[W],2.060102816067628e-08,2.756325164712548e-07,0.0747409210800596,0.940420848395532,-5.196287770911264e-07,5.60830833412479e-07,S13_D31 hbo,W,False,0.996946650613581,False
ch_name[S14_D22 hbo]:Condition[W],-1.2457621915186501e-09,4.642524437887309e-08,-0.026833723940192414,0.9785923550813931,-9.223756914758053e-08,8.974604476454322e-08,S14_D22 hbo,W,False,0.996946650613581,False
ch_name[S14_D24 hbo]:Condition[W],-2.8777258422659514e-08,4.642524437887308e-08,-0.619862292760602,0.5353484528370668,-1.1976906537872136e-07,6.221454853340233e-08,S14_D24 hbo,W,False,0.996946650613581,False
ch_name[S14_D26 hbo]:Condition[W],-1.7259829948532856e-07,4.6425244378873105e-08,-3.7177682486012604,0.00020099052111117633,-2.6359010644139046e-07,-8.160649252926667e-08,S14_D26 hbo,W,True,0.012327418628152148,True
ch_name[S15_D11 hbo]:Condition[W],-3.674748928141841e-08,4.64252443788731e-08,-0.7915411059880435,0.4286282987884664,-1.277392962374803e-07,5.4244317674643476e-08,S15_D11 hbo,W,False,0.9858450872134727,False
ch_name[S15_D14 hbo]:Condition[W],-1.0276600537355036e-07,4.64252443788731e-08,-2.2135802783262557,0.026857665224372027,-1.9375781232961224e-07,-1.1774198417488471e-08,S15_D14 hbo,W,True,0.3088631500802783,False
ch_name[S15_D25 hbo]:Condition[W],6.418591351389536e-08,4.642524437887309e-08,1.3825649034839476,0.16679831669413026,-2.6805893442166515e-08,1.5517772046995723e-07,S15_D25 hbo,W,False,0.7377806435109127,False
ch_name[S16_D14 hbo]:Condition[W],-7.323409059778829e-08,4.64252443788731e-08,-1.5774626838822885,0.11468910190122074,-1.6422589755385018e-07,1.7757716358273597e-08,S16_D14 hbo,W,False,0.6168129816395813,False
ch_name[S16_D25 hbo]:Condition[W],3.0671637613296963e-08,4.642524437887309e-08,0.6606672301601243,0.5088257436254825,-6.032016934276491e-08,1.2166344456935884e-07,S16_D25 hbo,W,False,0.996946650613581,False
ch_name[S16_D26 hbo]:Condition[W],6.723674770300058e-09,4.642524437887309e-08,0.14482798874312067,0.8848466833770743,-8.426813218576182e-08,9.771548172636193e-08,S16_D26 hbo,W,False,0.996946650613581,False
ch_name[S16_D27 hbo]:Condition[W],7.331687583728628e-08,4.64252443788731e-08,1.5792458783620502,0.11427967048277989,-1.767493111877561e-08,1.6430868279334816e-07,S16_D27 hbo,W,False,0.6168129816395813,False
ch_name[S16_D32 hbo]:Condition[W],-2.2140166295120594e-08,2.756325164712549e-07,-0.0803249434376134,0.9359788203131532,-5.623699715469235e-07,5.180896389566824e-07,S16_D32 hbo,W,False,0.996946650613581,False
ch_name[S17_D13 hbo]:Condition[W],2.290803875782013e-07,4.64252443788731e-08,4.934392713341316,8.040052503063308e-07,1.3808858062213942e-07,3.2007219453426317e-07,S17_D13 hbo,W,True,0.00014793696605636486,True
ch_name[S17_D14 hbo]:Condition[W],5.79330240819876e-09,4.642524437887309e-08,0.12478776333238085,0.900691575110507,-8.519850454786312e-08,9.678510936426063e-08,S17_D14 hbo,W,False,0.996946650613581,False
ch_name[S17_D27 hbo]:Condition[W],-9.587199128847453e-08,4.642524437887309e-08,-2.0650831798766656,0.038915130627576816,-1.868637982445364e-07,-4.880184332412661e-09,S17_D27 hbo,W,True,0.4091648020270934,False
ch_name[S18_D26 hbo]:Condition[W],1.61366317848062e-08,4.64252443788731e-08,0.347583130701829,0.7281532770023568,-7.485517517125568e-08,1.0712843874086809e-07,S18_D26 hbo,W,False,0.996946650613581,False
ch_name[S18_D27 hbo]:Condition[W],-3.826109606616443e-08,4.642524437887309e-08,-0.8241442038283819,0.40985762601271747,-1.292529030222263e-07,5.2730710889897444e-08,S18_D27 hbo,W,False,0.9668436305941027,False
ch_name[S19_D33 hbo]:Condition[W],-1.9127157799690655e-08,2.7563251647125484e-07,-0.06939369144309716,0.9446762503152462,-5.593569630514935e-07,5.211026474521121e-07,S19_D33 hbo,W,False,0.996946650613581,False
ch_name[S19_D4 hbo]:Condition[W],2.601170033074856e-08,4.64252443788731e-08,0.5602921573975774,0.5752801759016377,-6.498010662531333e-08,1.1700350728681044e-07,S19_D4 hbo,W,False,0.996946650613581,False
ch_name[S19_D6 hbo]:Condition[W],-1.067406408002927e-08,4.642524437887308e-08,-0.2299193945629882,0.8181544053293492,-1.0166587103609112e-07,8.031774287603257e-08,S19_D6 hbo,W,False,0.996946650613581,False
ch_name[S19_D8 hbo]:Condition[W],5.98548126552692e-08,4.642524437887309e-08,1.2892729689648665,0.19730320492949083,-3.1136994300792677e-08,1.5084661961133107e-07,S19_D8 hbo,W,False,0.8067508823783625,False
ch_name[S1_D2 hbo]:Condition[W],-3.271534397827104e-10,4.64252443788731e-08,-0.007046886756542078,0.9943774443899862,-9.13189603958446e-08,9.066465351627918e-08,S1_D2 hbo,W,False,0.996946650613581,False
ch_name[S1_D4 hbo]:Condition[W],1.0280559961090241e-08,4.6425244378873085e-08,0.22144331384001623,0.8247472698673299,-8.071124699497163e-08,1.012723669171521e-07,S1_D4 hbo,W,False,0.996946650613581,False
ch_name[S20_D3 hbo]:Condition[W],-2.1045506079290584e-09,4.642524437887309e-08,-0.045332030796735756,0.963842656789325,-9.309635756399093e-08,8.888725634813281e-08,S20_D3 hbo,W,False,0.996946650613581,False
ch_name[S20_D5 hbo]:Condition[W],3.2428981285512496e-09,4.642524437887309e-08,0.06985204217959932,0.9443114246324534,-8.774890882751062e-08,9.423470508461312e-08,S20_D5 hbo,W,False,0.996946650613581,False
ch_name[S20_D6 hbo]:Condition[W],4.9514689754000434e-08,4.642524437887309e-08,1.066546669090519,0.28617659384382477,-4.147711720206144e-08,1.405064967100623e-07,S20_D6 hbo,W,False,0.8737080811946656,False
ch_name[S20_D7 hbo]:Condition[W],-9.115866668490747e-08,4.642524437887309e-08,-1.9635581439478946,0.049581355394037525,-1.8215047364096936e-07,-1.6685972884560185e-10,S20_D7 hbo,W,True,0.4463404872268154,False
ch_name[S21_D10 hbo]:Condition[W],-4.7767755892490445e-08,4.642524437887309e-08,-1.0289177048301827,0.30351834791161425,-1.3875956284855232e-07,4.322405106357143e-08,S21_D10 hbo,W,False,0.8881564722132452,False
ch_name[S21_D6 hbo]:Condition[W],1.7766083514485528e-10,4.642524437887309e-08,0.003826815292451192,0.996946650613581,-9.081414612091702e-08,9.116946779120673e-08,S21_D6 hbo,W,False,0.996946650613581,False
ch_name[S21_D7 hbo]:Condition[W],1.3132354231937083e-09,4.642524437887309e-08,0.028287097693584295,0.9774331710324129,-8.967857153286816e-08,9.230504237925559e-08,S21_D7 hbo,W,False,0.996946650613581,False
ch_name[S21_D8 hbo]:Condition[W],-1.0488490426310675e-08,4.642524437887308e-08,-0.22592213711822084,0.8212619799760863,-1.0148029738237252e-07,8.050331652975117e-08,S21_D8 hbo,W,False,0.996946650613581,False
ch_name[S22_D5 hbo]:Condition[W],-1.3507340187953058e-08,4.642524437887308e-08,-0.2909481763352849,0.7710909549037945,-1.044991471440149e-07,7.748446676810879e-08,S22_D5 hbo,W,False,0.996946650613581,False
ch_name[S22_D7 hbo]:Condition[W],-2.0546063150579133e-08,4.642524437887309e-08,-0.44256230474317343,0.6580823552308177,-1.11537870106641e-07,7.044574380548274e-08,S22_D7 hbo,W,False,0.996946650613581,False
ch_name[S22_D9 hbo]:Condition[W],2.436696922865956e-09,4.642524437887308e-08,0.052486464109488526,0.95814108054463,-8.855511003319589e-08,9.342850387892781e-08,S22_D9 hbo,W,False,0.996946650613581,False
ch_name[S23_D10 hbo]:Condition[W],-1.4236890296989938e-09,4.642524437887309e-08,-0.030666268939380688,0.9755356919902212,-9.241549598576087e-08,8.956811792636288e-08,S23_D10 hbo,W,False,0.996946650613581,False
ch_name[S23_D12 hbo]:Condition[W],4.707542013073776e-08,4.642524437887308e-08,1.0140047890014028,0.3105804671469997,-4.3916386825324087e-08,1.380672270867996e-07,S23_D12 hbo,W,False,0.8999497000794953,False
ch_name[S23_D8 hbo]:Condition[W],2.652591410795907e-08,4.642524437887309e-08,0.5713683247735432,0.5677499958095227,-6.44658928481028e-08,1.1751772106402095e-07,S23_D8 hbo,W,False,0.996946650613581,False
ch_name[S24_D10 hbo]:Condition[W],-3.8900473895374096e-08,4.6425244378873085e-08,-0.837916405520887,0.4020776542472966,-1.2989228085143595e-07,5.209133306068776e-08,S24_D10 hbo,W,False,0.9586907455992537,False
ch_name[S24_D11 hbo]:Condition[W],-7.58405722987038e-10,4.642524437887308e-08,-0.016336063129743453,0.9869662871582725,-9.175021267904888e-08,9.023340123307481e-08,S24_D11 hbo,W,False,0.996946650613581,False
ch_name[S24_D34 hbo]:Condition[W],1.2370285573779691e-07,2.7563251647125484e-07,0.4487963079301554,0.6535786023612373,-4.1652694951400594e-07,6.639326609895997e-07,S24_D34 hbo,W,False,0.996946650613581,False
ch_name[S24_D7 hbo]:Condition[W],-9.692815345264774e-09,4.642524437887308e-08,-0.20878329182636943,0.8346174150935858,-1.0068462230132662e-07,8.129899161079707e-08,S24_D7 hbo,W,False,0.996946650613581,False
ch_name[S24_D9 hbo]:Condition[W],-3.5636648761945083e-08,4.6425244378873085e-08,-0.7676135955498037,0.44271678281890825,-1.2662845571800693e-07,5.5355158194116776e-08,S24_D9 hbo,W,False,0.9860680485636177,False
ch_name[S25_D11 hbo]:Condition[W],2.0453181887513366e-08,4.642524437887309e-08,0.4405616418644222,0.6595303773796239,-7.053862506854851e-08,1.1144498884357524e-07,S25_D11 hbo,W,False,0.996946650613581,False
ch_name[S25_D12 hbo]:Condition[W],3.3387692272902814e-08,4.6425244378873085e-08,0.7191710613395647,0.4720355274596897,-5.7604114683159045e-08,1.2437949922896467e-07,S25_D12 hbo,W,False,0.9860680485636177,False
ch_name[S25_D13 hbo]:Condition[W],-4.099047003984413e-09,4.64252443788731e-08,-0.08829349331007036,0.9296434103462187,-9.50908539600463e-08,8.689275995207747e-08,S25_D13 hbo,W,False,0.996946650613581,False
ch_name[S25_D14 hbo]:Condition[W],3.437663851061948e-08,4.642524437887309e-08,0.740472968328916,0.45901305751156074,-5.661516844544239e-08,1.2536844546668137e-07,S25_D14 hbo,W,False,0.9860680485636177,False
ch_name[S25_D35 hbo]:Condition[W],-7.565195281594383e-08,2.756325164712548e-07,-0.2744667203436915,0.783725975268867,-6.158817580677465e-07,4.645778524358589e-07,S25_D35 hbo,W,False,0.996946650613581,False
ch_name[S26_D12 hbo]:Condition[W],9.494305218458551e-08,4.642524437887309e-08,2.0450738268551065,0.04084758019885985,3.951245228523635e-09,1.8593485914064738e-07,S26_D12 hbo,W,True,0.41755304203278953,False
ch_name[S26_D13 hbo]:Condition[W],-1.3752866352419114e-07,4.642524437887309e-08,-2.9623681116641967,0.003052825646250278,-2.28520470480253e-07,-4.6536856568129266e-08,S26_D13 hbo,W,True,0.08038694116722493,False
ch_name[S2_D1 hbo]:Condition[W],-3.752753051985947e-08,4.642524437887309e-08,-0.8083431982306863,0.4188930411355498,-1.2851933747592134e-07,5.3464276436202403e-08,S2_D1 hbo,W,False,0.9756403157255693,False
ch_name[S2_D2 hbo]:Condition[W],1.719515037021261e-09,4.6425244378873105e-08,0.0370383626414203,0.9704544177488293,-8.927229191904064e-08,9.271132199308316e-08,S2_D2 hbo,W,False,0.996946650613581,False
ch_name[S2_D28 hbo]:Condition[W],-3.245868588408732e-07,2.756325164712549e-07,-1.1776072830460977,0.2389532050221741,-8.648166640926762e-07,2.156429464109297e-07,S2_D28 hbo,W,False,0.8737080811946656,False
ch_name[S2_D3 hbo]:Condition[W],4.323327584772795e-08,4.64252443788731e-08,0.9312449816075125,0.3517268546457648,-4.7758531108333936e-08,1.3422508280378983e-07,S2_D3 hbo,W,False,0.9061159012640561,False
ch_name[S3_D2 hbo]:Condition[W],4.9885277197044155e-08,4.642524437887309e-08,1.0745291244981714,0.2825855985661261,-4.110652975901772e-08,1.4087708415310603e-07,S3_D2 hbo,W,False,0.8737080811946656,False
ch_name[S3_D3 hbo]:Condition[W],3.1865172458269133e-08,4.642524437887308e-08,0.6863759767901221,0.49247604939863365,-5.912663449779271e-08,1.2285697941433099e-07,S3_D3 hbo,W,False,0.996946650613581,False
ch_name[S3_D4 hbo]:Condition[W],6.291401622801774e-09,4.642524437887309e-08,0.13551682294783624,0.8922032641609339,-8.47004053332601e-08,9.728320857886365e-08,S3_D4 hbo,W,False,0.996946650613581,False
ch_name[S3_D6 hbo]:Condition[W],9.30269928924744e-08,4.642524437887309e-08,2.003801899959595,0.04509128524312239,2.0351859364125264e-09,1.8401879984853629e-07,S3_D6 hbo,W,True,0.4257276005292554,False
ch_name[S4_D1 hbo]:Condition[W],-7.926881939775771e-08,4.6425244378873085e-08,-1.707450772921098,0.08773830013888924,-1.7026062635381957e-07,1.172298755830415e-08,S4_D1 hbo,W,False,0.5612568721995902,False
ch_name[S4_D3 hbo]:Condition[W],-2.4716116970141383e-08,4.642524437887307e-08,-0.5323852852218706,0.5944591745006298,-1.1570792392620322e-07,6.627568998592045e-08,S4_D3 hbo,W,False,0.996946650613581,False
ch_name[S4_D5 hbo]:Condition[W],-2.841415148436678e-08,4.6425244378873085e-08,-0.6120409674633251,0.540510652994654,-1.1940595844042864e-07,6.257765547169508e-08,S4_D5 hbo,W,False,0.996946650613581,False
ch_name[S5_D15 hbo]:Condition[W],-1.6624599510922614e-08,4.642524437887308e-08,-0.3580939580037631,0.720273000475416,-1.0761640646698446e-07,7.436720744513923e-08,S5_D15 hbo,W,False,0.996946650613581,False
ch_name[S5_D16 hbo]:Condition[W],-9.614560141945013e-09,4.642524437887309e-08,-0.20709767434892268,0.8359335783285888,-1.0060636709800689e-07,8.137724681411686e-08,S5_D16 hbo,W,False,0.996946650613581,False
ch_name[S5_D17 hbo]:Condition[W],1.8897618285263876e-09,4.6425244378873085e-08,0.04070547939617026,0.9675306932913765,-8.910204512753548e-08,9.288156878458824e-08,S5_D17 hbo,W,False,0.996946650613581,False
ch_name[S5_D29 hbo]:Condition[W],-8.044166748376271e-08,2.756325164712548e-07,-0.2918438960453776,0.7704059812798787,-6.206714727355654e-07,4.5978813776804e-07,S5_D29 hbo,W,False,0.996946650613581,False
ch_name[S6_D16 hbo]:Condition[W],1.0449898742367647e-08,4.6425244378873085e-08,0.22509087204984368,0.8219085818396602,-8.054190821369421e-08,1.014417056984295e-07,S6_D16 hbo,W,False,0.996946650613581,False
ch_name[S6_D18 hbo]:Condition[W],8.087157151545702e-08,4.6425244378873085e-08,1.741974061686567,0.08151298309624429,-1.012023544060484e-08,1.7186337847151887e-07,S6_D18 hbo,W,False,0.5554958848040351,False
ch_name[S7_D15 hbo]:Condition[W],-2.5474015146318802e-08,4.642524437887308e-08,-0.5487104157907537,0.5832041970445292,-1.1646582210238066e-07,6.551779180974304e-08,S7_D15 hbo,W,False,0.996946650613581,False
ch_name[S7_D17 hbo]:Condition[W],-2.093730826695601e-08,4.6425244378873105e-08,-0.45098972653946917,0.651996953383618,-1.1192911522301791e-07,7.005449868910588e-08,S7_D17 hbo,W,False,0.996946650613581,False
ch_name[S7_D19 hbo]:Condition[W],2.9403857320608185e-08,4.642524437887309e-08,0.633359236208762,0.5264990784942604,-6.158794963545368e-08,1.2039566427667006e-07,S7_D19 hbo,W,False,0.996946650613581,False
ch_name[S8_D16 hbo]:Condition[W],2.305766054637898e-08,4.642524437887309e-08,0.4966621254205377,0.6194273352342943,-6.79341464096829e-08,1.1404946750244085e-07,S8_D16 hbo,W,False,0.996946650613581,False
ch_name[S8_D17 hbo]:Condition[W],-2.0230767899569934e-08,4.642524437887309e-08,-0.4357708434331134,0.6630030000844711,-1.1122257485563181e-07,7.076103905649194e-08,S8_D17 hbo,W,False,0.996946650613581,False
ch_name[S8_D18 hbo]:Condition[W],3.347804425880051e-08,4.642524437887309e-08,0.7211172435752539,0.47083738261608354,-5.751376269726136e-08,1.244698512148624e-07,S8_D18 hbo,W,False,0.9860680485636177,False
ch_name[S8_D20 hbo]:Condition[W],4.771062326761723e-08,4.642524437887309e-08,1.0276870677998862,0.3040970529860568,-4.328118368844464e-08,1.387024302236791e-07,S8_D20 hbo,W,False,0.8881564722132452,False
ch_name[S9_D17 hbo]:Condition[W],3.2547866027868726e-08,4.642524437887309e-08,0.7010811997508926,0.48325234227907554,-5.844394092819315e-08,1.235396729839306e-07,S9_D17 hbo,W,False,0.987982566437221,False
ch_name[S9_D19 hbo]:Condition[W],-4.1702582285193464e-08,4.642524437887309e-08,-0.8982738344867219,0.36903957852658476,-1.3269438924125533e-07,4.928922467086841e-08,S9_D19 hbo,W,False,0.9061159012640561,False
ch_name[S9_D20 hbo]:Condition[W],-7.570207472027152e-08,4.6425244378873085e-08,-1.6306230744306336,0.10296987726711924,-1.6669388167633338e-07,1.5289732235790342e-08,S9_D20 hbo,W,False,0.6111760457145142,False
ch_name[S9_D21 hbo]:Condition[W],7.055239483602957e-08,4.6425244378873085e-08,1.519698943537196,0.1285866572536845,-2.0439412120032285e-08,1.6154420179209142e-07,S9_D21 hbo,W,False,0.6615363937316272,False
